{"cameraMode":{"drawMode":0,"name":"Shaded","section":"Shading Mode"},"sceneLighting":true,"audioPlay":false,"sceneViewState":{"showFog":true,"showMaterialUpdate":false,"showSkybox":true,"showFlares":true,"showImageEffects":true,"showParticleSystems":true},"in2DMode":false,"pivot":{"x":36.132545471191409,"y":27.21185302734375,"z":-1.2754170894622803},"rotation":{"x":0.4217984974384308,"y":-0.5780423283576965,"z":0.4847312569618225,"w":0.5030248165130615},"size":11.411661148071289,"orthographic":false}