{"cameraMode":{"drawMode":0,"name":"Shaded","section":"Shading Mode"},"sceneLighting":true,"audioPlay":false,"sceneViewState":{"showFog":true,"showMaterialUpdate":false,"showSkybox":true,"showFlares":true,"showImageEffects":true,"showParticleSystems":true},"in2DMode":false,"pivot":{"x":-7.866232395172119,"y":48.36310958862305,"z":-22.603418350219728},"rotation":{"x":-0.6192520260810852,"y":0.006110254675149918,"z":-0.004819094203412533,"w":-0.7851614952087402},"size":14.860950469970704,"orthographic":false}