{"cameraMode":{"drawMode":0,"name":"Shaded","section":"Shading Mode"},"sceneLighting":true,"audioPlay":false,"sceneViewState":{"showFog":true,"showMaterialUpdate":false,"showSkybox":true,"showFlares":true,"showImageEffects":true,"showParticleSystems":true},"in2DMode":false,"pivot":{"x":27.40947914123535,"y":70.10218811035156,"z":1.4320727586746216},"rotation":{"x":0.7121570706367493,"y":-0.03469524160027504,"z":0.03528324142098427,"w":0.7002761363983154},"size":10.0,"orthographic":false}