{"cameraMode":{"drawMode":0,"name":"Shaded","section":"Shading Mode"},"sceneLighting":false,"audioPlay":false,"sceneViewState":{"showFog":true,"showMaterialUpdate":false,"showSkybox":true,"showFlares":true,"showImageEffects":true,"showParticleSystems":true},"in2DMode":false,"pivot":{"x":-30.858461380004884,"y":10.320898056030274,"z":-5.201374053955078},"rotation":{"x":0.42115554213523867,"y":0.08578506112098694,"z":-0.04004160314798355,"w":0.9020470380783081},"size":11.925186157226563,"orthographic":false}