{"cameraMode":{"drawMode":0,"name":"Shaded","section":"Shading Mode"},"sceneLighting":true,"audioPlay":false,"sceneViewState":{"showFog":true,"showMaterialUpdate":false,"showSkybox":true,"showFlares":true,"showImageEffects":true,"showParticleSystems":true},"in2DMode":false,"pivot":{"x":-21.880407333374025,"y":58.853492736816409,"z":-25.41396141052246},"rotation":{"x":-0.5580256581306458,"y":0.04384578764438629,"z":-0.02880208194255829,"w":-0.8283153176307678},"size":16.6898193359375,"orthographic":false}